{"cameraMode":{"drawMode":0,"name":"Shaded","section":"Shading Mode"},"sceneLighting":true,"audioPlay":false,"sceneViewState":{"m_AlwaysRefresh":false,"showFog":true,"showSkybox":true,"showFlares":true,"showImageEffects":true,"showParticleSystems":true,"showVisualEffectGraphs":true,"m_FxEnabled":true},"in2DMode":false,"pivot":{"x":-0.6881924271583557,"y":2.2489500045776369,"z":-3.3801379203796388},"rotation":{"x":0.12892930209636689,"y":-0.017854487523436548,"z":0.0023237804416567089,"w":0.9914953112602234},"size":0.6028133630752564,"orthographic":false}