{"cameraMode":{"drawMode":0,"name":"Shaded","section":"Shading Mode"},"sceneLighting":false,"audioPlay":false,"sceneViewState":{"m_AlwaysRefresh":false,"showFog":true,"showSkybox":false,"showFlares":true,"showImageEffects":true,"showParticleSystems":true,"showVisualEffectGraphs":true,"m_FxEnabled":true},"in2DMode":false,"pivot":{"x":-1.572784423828125,"y":0.7072166800498962,"z":0.16381463408470155},"rotation":{"x":0.30948060750961306,"y":-0.2701862156391144,"z":0.09218497574329376,"w":0.9070464968681336},"size":1.5286672115325928,"orthographic":false}