{"cameraMode":{"drawMode":0,"name":"Shaded","section":"Shading Mode"},"sceneLighting":false,"audioPlay":false,"sceneViewState":{"m_AlwaysRefresh":false,"showFog":true,"showSkybox":false,"showFlares":true,"showImageEffects":true,"showParticleSystems":true,"showVisualEffectGraphs":true,"m_FxEnabled":true},"in2DMode":false,"pivot":{"x":0.13797593116760255,"y":-0.250628262758255,"z":4.249326705932617},"rotation":{"x":0.10761606693267822,"y":-0.09381264448165894,"z":0.010202733799815178,"w":0.9897089600563049},"size":0.8001205325126648,"orthographic":false}