{"cameraMode":{"drawMode":0,"name":"Shaded","section":"Shading Mode"},"sceneLighting":false,"audioPlay":false,"sceneViewState":{"m_AlwaysRefresh":false,"showFog":true,"showSkybox":false,"showFlares":true,"showImageEffects":true,"showParticleSystems":true,"showVisualEffectGraphs":true,"m_FxEnabled":true},"in2DMode":false,"pivot":{"x":1.1779407262802125,"y":0.693220853805542,"z":2.6504294872283937},"rotation":{"x":0.010489816777408123,"y":-0.9699835777282715,"z":0.0425211600959301,"w":0.23921310901641847},"size":1.5286672115325928,"orthographic":false}