{"cameraMode":{"drawMode":0,"name":"Shaded","section":"Shading Mode"},"sceneLighting":false,"audioPlay":false,"sceneViewState":{"m_AlwaysRefresh":false,"showFog":true,"showSkybox":false,"showFlares":true,"showImageEffects":true,"showParticleSystems":true,"showVisualEffectGraphs":true,"m_FxEnabled":true},"in2DMode":false,"pivot":{"x":0.02589832805097103,"y":0.34596848487854006,"z":-1.5029354095458985},"rotation":{"x":0.04051315039396286,"y":-0.9581936001777649,"z":0.22416190803050996,"w":0.17316457629203797},"size":1.1890590190887452,"orthographic":false}