{"cameraMode":{"drawMode":0,"name":"Shaded","section":"Shading Mode"},"sceneLighting":false,"audioPlay":false,"sceneViewState":{"m_AlwaysRefresh":false,"showFog":false,"showSkybox":false,"showFlares":false,"showImageEffects":false,"showParticleSystems":false,"showVisualEffectGraphs":true,"m_FxEnabled":true},"in2DMode":false,"pivot":{"x":-0.011815551668405533,"y":0.6836327910423279,"z":-0.38153547048568728},"rotation":{"x":-0.009434268809854985,"y":-0.9836211204528809,"z":0.1716916263103485,"w":-0.05404883623123169},"size":1.098746418952942,"orthographic":false}